{
    "counter": {
        "ACTIVE": 361,
        "INACTIVE": 3,
        "INVALID": 0,
        "MALICIOUS": 0,
        "SANE": 0,
        "VALID": 0,
        "total": 364
    },
    "percentage": {
        "ACTIVE": 99.17582417582418,
        "INACTIVE": 0.8287292817679558,
        "INVALID": 0,
        "MALICIOUS": 0,
        "SANE": 0,
        "VALID": 0,
        "total": 100.00455345759214
    }
}