{
    "counter": {
        "ACTIVE": 4079,
        "INACTIVE": 89,
        "INVALID": 0,
        "MALICIOUS": 0,
        "SANE": 0,
        "VALID": 0,
        "total": 4168
    },
    "percentage": {
        "ACTIVE": 97.86468330134358,
        "INACTIVE": 2.1670318967616264,
        "INVALID": 0,
        "MALICIOUS": 0,
        "SANE": 0,
        "VALID": 0,
        "total": 100.0317151981052
    }
}