{
    "counter": {
        "ACTIVE": 2048,
        "INACTIVE": 40,
        "INVALID": 0,
        "MALICIOUS": 0,
        "SANE": 0,
        "VALID": 0,
        "total": 2088
    },
    "percentage": {
        "ACTIVE": 98.08429118773947,
        "INACTIVE": 1.9258545979778527,
        "INVALID": 0,
        "MALICIOUS": 0,
        "SANE": 0,
        "VALID": 0,
        "total": 100.01014578571731
    }
}