{
    "counter": {
        "ACTIVE": 4151,
        "INACTIVE": 281,
        "INVALID": 0,
        "MALICIOUS": 0,
        "SANE": 0,
        "VALID": 0,
        "total": 4432
    },
    "percentage": {
        "ACTIVE": 93.65974729241877,
        "INACTIVE": 6.3718820861678,
        "INVALID": 0,
        "MALICIOUS": 0,
        "SANE": 0,
        "VALID": 0,
        "total": 100.03162937858657
    }
}