{
    "counter": {
        "ACTIVE": 5588,
        "INACTIVE": 112,
        "INVALID": 0,
        "MALICIOUS": 0,
        "SANE": 0,
        "VALID": 0,
        "total": 5700
    },
    "percentage": {
        "ACTIVE": 98.03508771929825,
        "INACTIVE": 2.0060899158158696,
        "INVALID": 0,
        "MALICIOUS": 0,
        "SANE": 0,
        "VALID": 0,
        "total": 100.04117763511411
    }
}