{
    "counter": {
        "ACTIVE": 7342,
        "INACTIVE": 411,
        "INVALID": 0,
        "MALICIOUS": 0,
        "SANE": 0,
        "VALID": 0,
        "total": 7753
    },
    "percentage": {
        "ACTIVE": 94.69882626080226,
        "INACTIVE": 5.313510019392372,
        "INVALID": 0,
        "MALICIOUS": 0,
        "SANE": 0,
        "VALID": 0,
        "total": 100.01233628019463
    }
}