{
    "counter": {
        "ACTIVE": 5728,
        "INACTIVE": 2,
        "INVALID": 0,
        "MALICIOUS": 0,
        "SANE": 0,
        "VALID": 0,
        "total": 5730
    },
    "percentage": {
        "ACTIVE": 99.96509598603839,
        "INACTIVE": 0.03581661891117478,
        "INVALID": 0,
        "MALICIOUS": 0,
        "SANE": 0,
        "VALID": 0,
        "total": 100.00091260494956
    }
}