{
    "counter": {
        "ACTIVE": 5602,
        "INACTIVE": 2,
        "INVALID": 0,
        "MALICIOUS": 0,
        "SANE": 0,
        "VALID": 0,
        "total": 5604
    },
    "percentage": {
        "ACTIVE": 99.96431120628122,
        "INACTIVE": 0.03581661891117478,
        "INVALID": 0,
        "MALICIOUS": 0,
        "SANE": 0,
        "VALID": 0,
        "total": 100.0001278251924
    }
}