{
    "counter": {
        "ACTIVE": 4807,
        "INACTIVE": 2,
        "INVALID": 0,
        "MALICIOUS": 0,
        "SANE": 0,
        "VALID": 0,
        "total": 4809
    },
    "percentage": {
        "ACTIVE": 99.9584113121231,
        "INACTIVE": 0.08399832003359933,
        "INVALID": 0,
        "MALICIOUS": 0,
        "SANE": 0,
        "VALID": 0,
        "total": 100.0424096321567
    }
}