{
    "counter": {
        "ACTIVE": 5214,
        "INACTIVE": 1,
        "INVALID": 0,
        "MALICIOUS": 0,
        "SANE": 0,
        "VALID": 0,
        "total": 5215
    },
    "percentage": {
        "ACTIVE": 99.98082454458293,
        "INACTIVE": 0.01927153594141453,
        "INVALID": 0,
        "MALICIOUS": 0,
        "SANE": 0,
        "VALID": 0,
        "total": 100.00009608052434
    }
}