{
    "counter": {
        "ACTIVE": 5651,
        "INACTIVE": 2,
        "INVALID": 0,
        "MALICIOUS": 0,
        "SANE": 0,
        "VALID": 0,
        "total": 5653
    },
    "percentage": {
        "ACTIVE": 99.96462055545727,
        "INACTIVE": 0.03581661891117478,
        "INVALID": 0,
        "MALICIOUS": 0,
        "SANE": 0,
        "VALID": 0,
        "total": 100.00043717436844
    }
}