{
    "counter": {
        "ACTIVE": 5562,
        "INACTIVE": 348,
        "INVALID": 0,
        "MALICIOUS": 0,
        "SANE": 0,
        "VALID": 0,
        "total": 5910
    },
    "percentage": {
        "ACTIVE": 94.11167512690355,
        "INACTIVE": 5.904309467254835,
        "INVALID": 0,
        "MALICIOUS": 0,
        "SANE": 0,
        "VALID": 0,
        "total": 100.01598459415838
    }
}