{
    "counter": {
        "ACTIVE": 5749,
        "INACTIVE": 2,
        "INVALID": 0,
        "MALICIOUS": 0,
        "SANE": 0,
        "VALID": 0,
        "total": 5751
    },
    "percentage": {
        "ACTIVE": 99.96522343940184,
        "INACTIVE": 0.03581661891117478,
        "INVALID": 0,
        "MALICIOUS": 0,
        "SANE": 0,
        "VALID": 0,
        "total": 100.00104005831301
    }
}