{
    "counter": {
        "ACTIVE": 6840,
        "INACTIVE": 2,
        "INVALID": 0,
        "MALICIOUS": 0,
        "SANE": 0,
        "VALID": 0,
        "total": 6842
    },
    "percentage": {
        "ACTIVE": 99.97076878105817,
        "INACTIVE": 0.07607455306200075,
        "INVALID": 0,
        "MALICIOUS": 0,
        "SANE": 0,
        "VALID": 0,
        "total": 100.04684333412017
    }
}