{
    "counter": {
        "ACTIVE": 5725,
        "INACTIVE": 2,
        "INVALID": 0,
        "MALICIOUS": 0,
        "SANE": 0,
        "VALID": 0,
        "total": 5727
    },
    "percentage": {
        "ACTIVE": 99.9650777021128,
        "INACTIVE": 0.03581661891117478,
        "INVALID": 0,
        "MALICIOUS": 0,
        "SANE": 0,
        "VALID": 0,
        "total": 100.00089432102396
    }
}