{
    "counter": {
        "ACTIVE": 5811,
        "INACTIVE": 358,
        "INVALID": 0,
        "MALICIOUS": 0,
        "SANE": 0,
        "VALID": 0,
        "total": 6169
    },
    "percentage": {
        "ACTIVE": 94.19679040363106,
        "INACTIVE": 5.839177948132441,
        "INVALID": 0,
        "MALICIOUS": 0,
        "SANE": 0,
        "VALID": 0,
        "total": 100.0359683517635
    }
}