{
    "counter": {
        "ACTIVE": 5721,
        "INACTIVE": 2,
        "INVALID": 0,
        "MALICIOUS": 0,
        "SANE": 0,
        "VALID": 0,
        "total": 5723
    },
    "percentage": {
        "ACTIVE": 99.96505329372707,
        "INACTIVE": 0.03581661891117478,
        "INVALID": 0,
        "MALICIOUS": 0,
        "SANE": 0,
        "VALID": 0,
        "total": 100.00086991263824
    }
}