{
    "counter": {
        "ACTIVE": 6843,
        "INACTIVE": 120,
        "INVALID": 0,
        "MALICIOUS": 0,
        "SANE": 0,
        "VALID": 0,
        "total": 6963
    },
    "percentage": {
        "ACTIVE": 98.276604911676,
        "INACTIVE": 1.7396346767178892,
        "INVALID": 0,
        "MALICIOUS": 0,
        "SANE": 0,
        "VALID": 0,
        "total": 100.01623958839389
    }
}