{
    "counter": {
        "ACTIVE": 3723,
        "INACTIVE": 82,
        "INVALID": 0,
        "MALICIOUS": 0,
        "SANE": 0,
        "VALID": 0,
        "total": 3805
    },
    "percentage": {
        "ACTIVE": 97.84494086727989,
        "INACTIVE": 2.231899836690256,
        "INVALID": 0,
        "MALICIOUS": 0,
        "SANE": 0,
        "VALID": 0,
        "total": 100.07684070397015
    }
}