{
    "counter": {
        "ACTIVE": 5716,
        "INACTIVE": 2,
        "INVALID": 0,
        "MALICIOUS": 0,
        "SANE": 0,
        "VALID": 0,
        "total": 5718
    },
    "percentage": {
        "ACTIVE": 99.9650227352221,
        "INACTIVE": 0.03581661891117478,
        "INVALID": 0,
        "MALICIOUS": 0,
        "SANE": 0,
        "VALID": 0,
        "total": 100.00083935413328
    }
}