{
    "counter": {
        "ACTIVE": 8632,
        "INACTIVE": 454,
        "INVALID": 0,
        "MALICIOUS": 0,
        "SANE": 0,
        "VALID": 0,
        "total": 9086
    },
    "percentage": {
        "ACTIVE": 95.0033017829628,
        "INACTIVE": 5.00772115596735,
        "INVALID": 0,
        "MALICIOUS": 0,
        "SANE": 0,
        "VALID": 0,
        "total": 100.01102293893014
    }
}