{
    "counter": {
        "ACTIVE": 5400,
        "INACTIVE": 101,
        "INVALID": 0,
        "MALICIOUS": 0,
        "SANE": 0,
        "VALID": 0,
        "total": 5501
    },
    "percentage": {
        "ACTIVE": 98.16397018723869,
        "INACTIVE": 1.8407144158921087,
        "INVALID": 0,
        "MALICIOUS": 0,
        "SANE": 0,
        "VALID": 0,
        "total": 100.0046846031308
    }
}