{
    "counter": {
        "ACTIVE": 5759,
        "INACTIVE": 2,
        "INVALID": 0,
        "MALICIOUS": 0,
        "SANE": 0,
        "VALID": 0,
        "total": 5761
    },
    "percentage": {
        "ACTIVE": 99.96528380489498,
        "INACTIVE": 0.03581661891117478,
        "INVALID": 0,
        "MALICIOUS": 0,
        "SANE": 0,
        "VALID": 0,
        "total": 100.00110042380615
    }
}