{
    "counter": {
        "ACTIVE": 3906,
        "INACTIVE": 265,
        "INVALID": 0,
        "MALICIOUS": 0,
        "SANE": 0,
        "VALID": 0,
        "total": 4171
    },
    "percentage": {
        "ACTIVE": 93.6466075281707,
        "INACTIVE": 6.379393355801637,
        "INVALID": 0,
        "MALICIOUS": 0,
        "SANE": 0,
        "VALID": 0,
        "total": 100.02600088397234
    }
}