{
    "counter": {
        "ACTIVE": 5747,
        "INACTIVE": 2,
        "INVALID": 0,
        "MALICIOUS": 0,
        "SANE": 0,
        "VALID": 0,
        "total": 5749
    },
    "percentage": {
        "ACTIVE": 99.9652113411028,
        "INACTIVE": 0.03581661891117478,
        "INVALID": 0,
        "MALICIOUS": 0,
        "SANE": 0,
        "VALID": 0,
        "total": 100.00102796001397
    }
}