{
    "counter": {
        "ACTIVE": 5330,
        "INACTIVE": 1,
        "INVALID": 0,
        "MALICIOUS": 0,
        "SANE": 0,
        "VALID": 0,
        "total": 5331
    },
    "percentage": {
        "ACTIVE": 99.98124179328457,
        "INACTIVE": 0.01927153594141453,
        "INVALID": 0,
        "MALICIOUS": 0,
        "SANE": 0,
        "VALID": 0,
        "total": 100.00051332922598
    }
}