{
    "counter": {
        "ACTIVE": 3112,
        "INACTIVE": 2,
        "INVALID": 0,
        "MALICIOUS": 0,
        "SANE": 0,
        "VALID": 0,
        "total": 3114
    },
    "percentage": {
        "ACTIVE": 99.93577392421324,
        "INACTIVE": 0.07607455306200075,
        "INVALID": 0,
        "MALICIOUS": 0,
        "SANE": 0,
        "VALID": 0,
        "total": 100.01184847727524
    }
}