{
    "counter": {
        "ACTIVE": 825,
        "INACTIVE": 21,
        "INVALID": 0,
        "MALICIOUS": 0,
        "SANE": 0,
        "VALID": 0,
        "total": 846
    },
    "percentage": {
        "ACTIVE": 97.51773049645391,
        "INACTIVE": 2.608695652173913,
        "INVALID": 0,
        "MALICIOUS": 0,
        "SANE": 0,
        "VALID": 0,
        "total": 100.12642614862781
    }
}