{
    "counter": {
        "ACTIVE": 6055,
        "INACTIVE": 361,
        "INVALID": 0,
        "MALICIOUS": 0,
        "SANE": 0,
        "VALID": 0,
        "total": 6416
    },
    "percentage": {
        "ACTIVE": 94.37344139650872,
        "INACTIVE": 5.673424485305674,
        "INVALID": 0,
        "MALICIOUS": 0,
        "SANE": 0,
        "VALID": 0,
        "total": 100.0468658818144
    }
}