{
    "counter": {
        "ACTIVE": 5675,
        "INACTIVE": 2,
        "INVALID": 0,
        "MALICIOUS": 0,
        "SANE": 0,
        "VALID": 0,
        "total": 5677
    },
    "percentage": {
        "ACTIVE": 99.96477012506605,
        "INACTIVE": 0.03581661891117478,
        "INVALID": 0,
        "MALICIOUS": 0,
        "SANE": 0,
        "VALID": 0,
        "total": 100.00058674397722
    }
}