{
    "counter": {
        "ACTIVE": 5432,
        "INACTIVE": 1,
        "INVALID": 0,
        "MALICIOUS": 0,
        "SANE": 0,
        "VALID": 0,
        "total": 5433
    },
    "percentage": {
        "ACTIVE": 99.9815939628198,
        "INACTIVE": 0.01927153594141453,
        "INVALID": 0,
        "MALICIOUS": 0,
        "SANE": 0,
        "VALID": 0,
        "total": 100.00086549876121
    }
}