{
    "counter": {
        "ACTIVE": 1292,
        "INACTIVE": 67,
        "INVALID": 0,
        "MALICIOUS": 0,
        "SANE": 0,
        "VALID": 0,
        "total": 1359
    },
    "percentage": {
        "ACTIVE": 95.06990434142752,
        "INACTIVE": 5.28391167192429,
        "INVALID": 0,
        "MALICIOUS": 0,
        "SANE": 0,
        "VALID": 0,
        "total": 100.3538160133518
    }
}