{
    "counter": {
        "ACTIVE": 8402,
        "INACTIVE": 446,
        "INVALID": 0,
        "MALICIOUS": 0,
        "SANE": 0,
        "VALID": 0,
        "total": 8848
    },
    "percentage": {
        "ACTIVE": 94.95931283905968,
        "INACTIVE": 5.0412569232508195,
        "INVALID": 0,
        "MALICIOUS": 0,
        "SANE": 0,
        "VALID": 0,
        "total": 100.00056976231049
    }
}