{
    "counter": {
        "ACTIVE": 5766,
        "INACTIVE": 2,
        "INVALID": 0,
        "MALICIOUS": 0,
        "SANE": 0,
        "VALID": 0,
        "total": 5768
    },
    "percentage": {
        "ACTIVE": 99.96532593619972,
        "INACTIVE": 0.03581661891117478,
        "INVALID": 0,
        "MALICIOUS": 0,
        "SANE": 0,
        "VALID": 0,
        "total": 100.00114255511089
    }
}