{
    "counter": {
        "ACTIVE": 4877,
        "INACTIVE": 312,
        "INVALID": 0,
        "MALICIOUS": 0,
        "SANE": 0,
        "VALID": 0,
        "total": 5189
    },
    "percentage": {
        "ACTIVE": 93.98728078627866,
        "INACTIVE": 6.020841373986878,
        "INVALID": 0,
        "MALICIOUS": 0,
        "SANE": 0,
        "VALID": 0,
        "total": 100.00812216026554
    }
}