{
    "counter": {
        "ACTIVE": 5709,
        "INACTIVE": 2,
        "INVALID": 0,
        "MALICIOUS": 0,
        "SANE": 0,
        "VALID": 0,
        "total": 5711
    },
    "percentage": {
        "ACTIVE": 99.96497986342146,
        "INACTIVE": 0.03581661891117478,
        "INVALID": 0,
        "MALICIOUS": 0,
        "SANE": 0,
        "VALID": 0,
        "total": 100.00079648233263
    }
}