{
    "counter": {
        "ACTIVE": 5442,
        "INACTIVE": 1,
        "INVALID": 0,
        "MALICIOUS": 0,
        "SANE": 0,
        "VALID": 0,
        "total": 5443
    },
    "percentage": {
        "ACTIVE": 99.98162777879845,
        "INACTIVE": 0.01927153594141453,
        "INVALID": 0,
        "MALICIOUS": 0,
        "SANE": 0,
        "VALID": 0,
        "total": 100.00089931473987
    }
}