{
    "counter": {
        "ACTIVE": 4737,
        "INACTIVE": 2,
        "INVALID": 0,
        "MALICIOUS": 0,
        "SANE": 0,
        "VALID": 0,
        "total": 4739
    },
    "percentage": {
        "ACTIVE": 99.95779700358726,
        "INACTIVE": 0.07607455306200075,
        "INVALID": 0,
        "MALICIOUS": 0,
        "SANE": 0,
        "VALID": 0,
        "total": 100.03387155664926
    }
}