{
    "counter": {
        "ACTIVE": 5755,
        "INACTIVE": 2,
        "INVALID": 0,
        "MALICIOUS": 0,
        "SANE": 0,
        "VALID": 0,
        "total": 5757
    },
    "percentage": {
        "ACTIVE": 99.96525968386312,
        "INACTIVE": 0.03581661891117478,
        "INVALID": 0,
        "MALICIOUS": 0,
        "SANE": 0,
        "VALID": 0,
        "total": 100.0010763027743
    }
}