{
    "counter": {
        "ACTIVE": 4349,
        "INACTIVE": 301,
        "INVALID": 0,
        "MALICIOUS": 0,
        "SANE": 0,
        "VALID": 0,
        "total": 4650
    },
    "percentage": {
        "ACTIVE": 93.52688172043011,
        "INACTIVE": 6.5835520559930005,
        "INVALID": 0,
        "MALICIOUS": 0,
        "SANE": 0,
        "VALID": 0,
        "total": 100.11043377642311
    }
}