{
    "counter": {
        "ACTIVE": 5726,
        "INACTIVE": 2,
        "INVALID": 0,
        "MALICIOUS": 0,
        "SANE": 0,
        "VALID": 0,
        "total": 5728
    },
    "percentage": {
        "ACTIVE": 99.96508379888269,
        "INACTIVE": 0.03581661891117478,
        "INVALID": 0,
        "MALICIOUS": 0,
        "SANE": 0,
        "VALID": 0,
        "total": 100.00090041779386
    }
}