{
    "counter": {
        "ACTIVE": 2415,
        "INACTIVE": 39,
        "INVALID": 0,
        "MALICIOUS": 0,
        "SANE": 0,
        "VALID": 0,
        "total": 2454
    },
    "percentage": {
        "ACTIVE": 98.41075794621027,
        "INACTIVE": 1.6196013289036544,
        "INVALID": 0,
        "MALICIOUS": 0,
        "SANE": 0,
        "VALID": 0,
        "total": 100.03035927511392
    }
}