{
    "counter": {
        "ACTIVE": 5557,
        "INACTIVE": 1,
        "INVALID": 0,
        "MALICIOUS": 0,
        "SANE": 0,
        "VALID": 0,
        "total": 5558
    },
    "percentage": {
        "ACTIVE": 99.98200791651674,
        "INACTIVE": 0.01927153594141453,
        "INVALID": 0,
        "MALICIOUS": 0,
        "SANE": 0,
        "VALID": 0,
        "total": 100.00127945245815
    }
}