{
    "counter": {
        "Alibaba Cloud Computing (Beijing) Co., Ltd.": 1,
        "Amazon Registrar, Inc.": 1,
        "Aquarius Domains, LLC": 1,
        "CloudFlare, Inc.": 1,
        "DYNADOT, LLC": 2,
        "Gandi SAS": 2,
        "GoDaddy.com, LLC": 5,
        "Instra Corporation Pty Ltd.": 1,
        "MarkMonitor Inc.": 1,
        "NameCheap, Inc.": 2,
        "Whois Corp.": 1,
        "total": 18
    },
    "percentage": {
        "Alibaba Cloud Computing (Beijing) Co., Ltd.": 5.555555555555555,
        "Amazon Registrar, Inc.": 5.555555555555555,
        "Aquarius Domains, LLC": 5.555555555555555,
        "CloudFlare, Inc.": 5.555555555555555,
        "DYNADOT, LLC": 11.11111111111111,
        "Gandi SAS": 11.11111111111111,
        "GoDaddy.com, LLC": 27.77777777777778,
        "Instra Corporation Pty Ltd.": 5.555555555555555,
        "MarkMonitor Inc.": 5.555555555555555,
        "NameCheap, Inc.": 11.11111111111111,
        "Whois Corp.": 5.555555555555555,
        "total": 100.00000000000001
    }
}